{
    "web": {
      "client_id": "353277935247-geh4ha6o0uf823vpub47nf8plib9lmck.apps.googleusercontent.com",
      "project_id": "cs745-422610",
      "auth_uri": "https://accounts.google.com/o/oauth2/auth",
      "token_uri": "https://oauth2.googleapis.com/token",
      "auth_provider_x509_cert_url": "https://www.googleapis.com/oauth2/v1/certs",
      "client_secret": "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",
      "redirect_uris": [
        "http://fakedomain.com:5000/callback"
      ]
    }
  }